{"temperature": [20.177668348185605, 21.581448121751325, 38.931193934712994, 39.018503772781145, 39.896005758774386, 39.07504307978404, 37.36586559001762, 31.695031506695642, 25.387911338960958, 19.748421697826085, 16.469412770269468, 19.399668318870642], "humidity": [47.10874454673667, 48.62892833028951, 59.2237106676403, 61.41060264513041, 64.10157127751924, 64.21421869146305, 60.305707305570174, 56.27259877126774, 52.59793646186889, 49.136958878366336, 48.512748026902, 49.89573339179469]}