{"temperature": [6.985969617584383, 11.144885178864575, 10.328762225422002, 9.398843722588667, 6.619515978913449, 8.545121927856206, 9.735547386369763, 10.803591160817195, 9.521252264808162, 13.003097332212228, 11.352084526977162, 10.729899611051234, 12.744180327494762, 13.746961669418841, 15.497139881431131, 17.783013310306803, 18.840244717447266, 18.538787206616178, 19.565325784281963, 18.805883186328938, 19.874318829476657], "humidity": [39.19783928692951, 38.66224456749314, 38.03094431224557, 40.99983430803365, 42.13859314084884, 41.709045171490516, 42.654702283691556, 42.84799626949626, 42.82773837346288, 44.261274696404854, 46.15082951183501, 45.49669776473442, 45.341635792358474, 44.60263730563507, 45.99433510260269, 45.62706016388823, 46.103541595561566, 46.88369282480933, 47.57209847955479, 49.5152239761304, 50.794738682606535]}