{"temperature": [34.562106195640325, 39.47631545193771, 40.607219684019746, 39.613236846829864, 36.632241373010174, 32.79396099060475, 26.02840346757918, 23.104363682924674, 19.42337438083284, 22.431020557603155], "humidity": [59.281597199674856, 60.8197877739901, 62.57695193268678, 62.915335370866956, 60.59439390639555, 58.68056461864175, 55.25580286287479, 50.35554737803815, 48.04080732485373, 49.24869673671964]}