{"temperature": [38.206900284616204, 38.61096127881613, 39.4951469286293, 39.5975167843804, 37.773861399196434, 32.74746244160157, 25.66415021266394, 18.875735591227567, 17.50463463430744, 19.858464032815377], "humidity": [62.11957903034269, 63.146251901442206, 64.41935589950396, 62.6140401252277, 59.99530147694017, 56.24810969728189, 50.436024977838876, 47.34920270574943, 45.226640453068335, 47.999752989541626]}